natureza,referência,preçoVenda,preçoAluguel,distrito,concelho,freguesia,tipologia,area,ano,imagens,banco,contacto,email,telefone
Apartamento T3,111213,76000,,Santarém,Santarém,Cidade de Santarém,T3,85,1988,"['https://millenniumimoveis.janeladigital.com/images/640x480/b0a1/85438201-0000-0500-0000-000013c5b0a1.jpg', 'https://millenniumimoveis.janeladigital.com/images/640x480/b0a2/85438201-0000-0500-0000-000013c5b0a2.jpg', 'https://millenniumimoveis.janeladigital.com/images/140x105/b0a1/85438201-0000-0500-0000-000013c5b0a1.jpg', 'https://millenniumimoveis.janeladigital.com/images/140x105/b0a2/85438201-0000-0500-0000-000013c5b0a2.jpg', 'https://millenniumimoveis.janeladigital.com/images/140x105/b0a3/85438201-0000-0500-0000-000013c5b0a3.jpg', 'https://millenniumimoveis.janeladigital.com/images/140x105/b0a5/85438201-0000-0500-0000-000013c5b0a5.jpg', 'https://millenniumimoveis.janeladigital.com/images/140x105/b0a6/85438201-0000-0500-0000-000013c5b0a6.jpg']",Millenium,DCEI- AVI - Área de Gestão de Vendas de Imóveis,dgv@millenniumbcp.pt,211 988 863

Moradia T4,117757,205000,,Leiria,Alvaiázere,Maçãs de Dona Maria,T4,208,1999,"['https://millenniumimoveis.janeladigital.com/images/640x480/b0b2/86438201-0000-0500-0000-000013c5b0b2.jpg', 'https://millenniumimoveis.janeladigital.com/images/640x480/b0b3/86438201-0000-0500-0000-000013c5b0b3.jpg', 'https://millenniumimoveis.janeladigital.com/images/140x105/b0b2/86438201-0000-0500-0000-000013c5b0b2.jpg', 'https://millenniumimoveis.janeladigital.com/images/140x105/b0b3/86438201-0000-0500-0000-000013c5b0b3.jpg', 'https://millenniumimoveis.janeladigital.com/images/140x105/b0b4/86438201-0000-0500-0000-000013c5b0b4.jpg', 'https://millenniumimoveis.janeladigital.com/images/140x105/b0b6/86438201-0000-0500-0000-000013c5b0b6.jpg', 'https://millenniumimoveis.janeladigital.com/images/140x105/b0b7/86438201-0000-0500-0000-000013c5b0b7.jpg']",Millenium,DCEI- AVI - Área de Gestão de Vendas de Imóveis,dgv@millenniumbcp.pt,211 988 863

Moradia T3,117506,226000,,Castelo Branco,Covilhã,Peraboa,T3,150,2019,"['https://millenniumimoveis.janeladigital.com/images/640x480/3a33/a42f8201-0000-0500-0000-000013c33a33.jpg', 'https://millenniumimoveis.janeladigital.com/images/640x480/3a34/a42f8201-0000-0500-0000-000013c33a34.jpg', 'https://millenniumimoveis.janeladigital.com/images/140x105/3a33/a42f8201-0000-0500-0000-000013c33a33.jpg', 'https://millenniumimoveis.janeladigital.com/images/140x105/3a34/a42f8201-0000-0500-0000-000013c33a34.jpg', 'https://millenniumimoveis.janeladigital.com/images/140x105/3a35/a42f8201-0000-0500-0000-000013c33a35.jpg', 'https://millenniumimoveis.janeladigital.com/images/140x105/3a36/a42f8201-0000-0500-0000-000013c33a36.jpg', 'https://millenniumimoveis.janeladigital.com/images/140x105/3a37/a42f8201-0000-0500-0000-000013c33a37.jpg']",Millenium,DCEI- AVI - Área de Gestão de Vendas de Imóveis,dgv@millenniumbcp.pt,211 988 863

Moradia T3,118112,228000,,Santarém,Salvaterra de Magos,Salvaterra de Magos e Foros de Salvaterra,T3,191,1999,"['https://millenniumimoveis.janeladigital.com/images/640x480/32c7/b02a8201-0000-0500-0000-000013c632c7.jpg', 'https://millenniumimoveis.janeladigital.com/images/640x480/32c8/b02a8201-0000-0500-0000-000013c632c8.jpg', 'https://millenniumimoveis.janeladigital.com/images/140x105/32c7/b02a8201-0000-0500-0000-000013c632c7.jpg', 'https://millenniumimoveis.janeladigital.com/images/140x105/32c8/b02a8201-0000-0500-0000-000013c632c8.jpg', 'https://millenniumimoveis.janeladigital.com/images/140x105/32c9/b02a8201-0000-0500-0000-000013c632c9.jpg', 'https://millenniumimoveis.janeladigital.com/images/140x105/32ca/b02a8201-0000-0500-0000-000013c632ca.jpg', 'https://millenniumimoveis.janeladigital.com/images/140x105/32cb/b02a8201-0000-0500-0000-000013c632cb.jpg']",Millenium,DCEI- AVI - Área de Gestão de Vendas de Imóveis,dgv@millenniumbcp.pt,211 988 863

Industrial,51941,2736000,,Guarda,Seia,"Seia, São Romão e Lapa dos Dinheiros",,30178,,"['https://millenniumimoveis.janeladigital.com/images/640x480/88b1/63128101-0000-0500-0000-000013bf88b1.jpg', 'https://millenniumimoveis.janeladigital.com/images/640x480/88b2/63128101-0000-0500-0000-000013bf88b2.jpg', 'https://millenniumimoveis.janeladigital.com/images/140x105/88b1/63128101-0000-0500-0000-000013bf88b1.jpg', 'https://millenniumimoveis.janeladigital.com/images/140x105/88b2/63128101-0000-0500-0000-000013bf88b2.jpg', 'https://millenniumimoveis.janeladigital.com/images/140x105/88b3/63128101-0000-0500-0000-000013bf88b3.jpg', 'https://millenniumimoveis.janeladigital.com/images/140x105/88b4/63128101-0000-0500-0000-000013bf88b4.jpg', 'https://millenniumimoveis.janeladigital.com/images/140x105/88b5/63128101-0000-0500-0000-000013bf88b5.jpg']",Millenium,DCEI- AVI - Área de Gestão de Vendas de Imóveis,dgv@millenniumbcp.pt,211 988 863

Apartamento T3,112098,142000,,Vila Real,Peso da Régua,Peso da Régua e Godim,T3,166,1996,"['https://millenniumimoveis.janeladigital.com/images/640x480/bb53/f1d88001-0000-0500-0000-000013bdbb53.jpg', 'https://millenniumimoveis.janeladigital.com/images/640x480/bb54/f1d88001-0000-0500-0000-000013bdbb54.jpg', 'https://millenniumimoveis.janeladigital.com/images/140x105/bb53/f1d88001-0000-0500-0000-000013bdbb53.jpg', 'https://millenniumimoveis.janeladigital.com/images/140x105/bb54/f1d88001-0000-0500-0000-000013bdbb54.jpg', 'https://millenniumimoveis.janeladigital.com/images/140x105/bb55/f1d88001-0000-0500-0000-000013bdbb55.jpg', 'https://millenniumimoveis.janeladigital.com/images/140x105/bb56/f1d88001-0000-0500-0000-000013bdbb56.jpg', 'https://millenniumimoveis.janeladigital.com/images/140x105/bb57/f1d88001-0000-0500-0000-000013bdbb57.jpg']",Millenium,DCEI- AVI - Área de Gestão de Vendas de Imóveis,dgv@millenniumbcp.pt,211 988 863

Terreno,103819,145000,,Aveiro,Castelo de Paiva,"Raiva, Pedorido e Paraíso",,550,2003,"['https://millenniumimoveis.janeladigital.com/images/640x480/bca4/95318b00-0000-0500-0000-000013c1bca4.jpg', 'https://millenniumimoveis.janeladigital.com/images/640x480/bca5/95318b00-0000-0500-0000-000013c1bca5.jpg', 'https://millenniumimoveis.janeladigital.com/images/140x105/bca4/95318b00-0000-0500-0000-000013c1bca4.jpg', 'https://millenniumimoveis.janeladigital.com/images/140x105/bca5/95318b00-0000-0500-0000-000013c1bca5.jpg', 'https://millenniumimoveis.janeladigital.com/images/140x105/bca6/95318b00-0000-0500-0000-000013c1bca6.jpg', 'https://millenniumimoveis.janeladigital.com/images/140x105/bca7/95318b00-0000-0500-0000-000013c1bca7.jpg', 'https://millenniumimoveis.janeladigital.com/images/140x105/bca8/95318b00-0000-0500-0000-000013c1bca8.jpg']",Millenium,DCEI- AVI - Área de Gestão de Vendas de Imóveis,dgv@millenniumbcp.pt,211 988 863

Moradia T3,117599,190000,,Braga,Fafe,Agrela e Serafão,T3,114,1944,"['https://millenniumimoveis.janeladigital.com/images/640x480/37fd/0cdf8101-0000-0500-0000-000013bd37fd.jpg', 'https://millenniumimoveis.janeladigital.com/images/640x480/37fe/0cdf8101-0000-0500-0000-000013bd37fe.jpg', 'https://millenniumimoveis.janeladigital.com/images/140x105/37fd/0cdf8101-0000-0500-0000-000013bd37fd.jpg', 'https://millenniumimoveis.janeladigital.com/images/140x105/37fe/0cdf8101-0000-0500-0000-000013bd37fe.jpg', 'https://millenniumimoveis.janeladigital.com/images/140x105/37ff/0cdf8101-0000-0500-0000-000013bd37ff.jpg', 'https://millenniumimoveis.janeladigital.com/images/140x105/3800/0cdf8101-0000-0500-0000-000013bd3800.jpg', 'https://millenniumimoveis.janeladigital.com/images/140x105/3801/0cdf8101-0000-0500-0000-000013bd3801.jpg']",Millenium,DCEI- AVI - Área de Gestão de Vendas de Imóveis,dgv@millenniumbcp.pt,211 988 863

Moradia T4,112884,54000,,Coimbra,Soure,Gesteira e Brunhós,T4,193,1990,"['https://millenniumimoveis.janeladigital.com/images/640x480/3020/0dbb8001-0000-0500-0000-000013b83020.jpg', 'https://millenniumimoveis.janeladigital.com/images/640x480/3021/0dbb8001-0000-0500-0000-000013b83021.jpg', 'https://millenniumimoveis.janeladigital.com/images/140x105/3020/0dbb8001-0000-0500-0000-000013b83020.jpg', 'https://millenniumimoveis.janeladigital.com/images/140x105/3021/0dbb8001-0000-0500-0000-000013b83021.jpg', 'https://millenniumimoveis.janeladigital.com/images/140x105/3022/0dbb8001-0000-0500-0000-000013b83022.jpg', 'https://millenniumimoveis.janeladigital.com/images/140x105/3023/0dbb8001-0000-0500-0000-000013b83023.jpg', 'https://millenniumimoveis.janeladigital.com/images/140x105/3024/0dbb8001-0000-0500-0000-000013b83024.jpg']",Millenium,DCEI- AVI - Área de Gestão de Vendas de Imóveis,dgv@millenniumbcp.pt,211 988 863

Moradia T3,53162,120000,,Faial,Horta,Castelo Branco,T3,88,1976,"['https://millenniumimoveis.janeladigital.com/images/640x480/3025/42d08001-0000-0500-0000-000013b83025.jpg', 'https://millenniumimoveis.janeladigital.com/images/640x480/3026/42d08001-0000-0500-0000-000013b83026.jpg', 'https://millenniumimoveis.janeladigital.com/images/140x105/3025/42d08001-0000-0500-0000-000013b83025.jpg', 'https://millenniumimoveis.janeladigital.com/images/140x105/3026/42d08001-0000-0500-0000-000013b83026.jpg', 'https://millenniumimoveis.janeladigital.com/images/140x105/3027/42d08001-0000-0500-0000-000013b83027.jpg', 'https://millenniumimoveis.janeladigital.com/images/140x105/3028/42d08001-0000-0500-0000-000013b83028.jpg', 'https://millenniumimoveis.janeladigital.com/images/140x105/3029/42d08001-0000-0500-0000-000013b83029.jpg']",Millenium,"OBJECTIVO PRINCIPAL - CONSULTORIA E MEDIAÇÃO IMOBILIÁRIA, UNIP LDA",ildebertodemelo@op-realestate.com,296629314

Prédio,857,150000,,Santarém,Torres Novas,Riachos,,120,1984,"['https://millenniumimoveis.janeladigital.com/images/640x480/a674/60126a00-0000-0500-0000-000013baa674.jpg', 'https://millenniumimoveis.janeladigital.com/images/640x480/a675/60126a00-0000-0500-0000-000013baa675.jpg', 'https://millenniumimoveis.janeladigital.com/images/140x105/a674/60126a00-0000-0500-0000-000013baa674.jpg', 'https://millenniumimoveis.janeladigital.com/images/140x105/a675/60126a00-0000-0500-0000-000013baa675.jpg', 'https://millenniumimoveis.janeladigital.com/images/140x105/a676/60126a00-0000-0500-0000-000013baa676.jpg', 'https://millenniumimoveis.janeladigital.com/images/140x105/bca3/60126a00-0000-0500-0000-000013c1bca3.jpg', 'https://millenniumimoveis.janeladigital.com/images/140x105/a678/60126a00-0000-0500-0000-000013baa678.jpg']",Millenium,DCEI- AVI - Área de Gestão de Vendas de Imóveis,dgv@millenniumbcp.pt,211 988 863

Moradia T3,66860,35000,,Santarém,Tomar,Casais e Alviobeira,T3,93,1999,"['https://millenniumimoveis.janeladigital.com/images/640x480/6517/399c8001-0000-0500-0000-000013b26517.jpg', 'https://millenniumimoveis.janeladigital.com/images/640x480/651a/399c8001-0000-0500-0000-000013b2651a.jpg', 'https://millenniumimoveis.janeladigital.com/images/140x105/6517/399c8001-0000-0500-0000-000013b26517.jpg', 'https://millenniumimoveis.janeladigital.com/images/140x105/651a/399c8001-0000-0500-0000-000013b2651a.jpg', 'https://millenniumimoveis.janeladigital.com/images/140x105/651d/399c8001-0000-0500-0000-000013b2651d.jpg', 'https://millenniumimoveis.janeladigital.com/images/140x105/6520/399c8001-0000-0500-0000-000013b26520.jpg', 'https://millenniumimoveis.janeladigital.com/images/140x105/6523/399c8001-0000-0500-0000-000013b26523.jpg']",Millenium,DCEI- AVI - Área de Gestão de Vendas de Imóveis,dgv@millenniumbcp.pt,211 988 863

Moradia T2,66868,19000,,Santarém,Tomar,Casais e Alviobeira,T2,85,2006,"['https://millenniumimoveis.janeladigital.com/images/640x480/650c/3a9c8001-0000-0500-0000-000013b2650c.jpg', 'https://millenniumimoveis.janeladigital.com/images/640x480/650d/3a9c8001-0000-0500-0000-000013b2650d.jpg', 'https://millenniumimoveis.janeladigital.com/images/140x105/650c/3a9c8001-0000-0500-0000-000013b2650c.jpg', 'https://millenniumimoveis.janeladigital.com/images/140x105/650d/3a9c8001-0000-0500-0000-000013b2650d.jpg', 'https://millenniumimoveis.janeladigital.com/images/140x105/650e/3a9c8001-0000-0500-0000-000013b2650e.jpg', 'https://millenniumimoveis.janeladigital.com/images/140x105/650f/3a9c8001-0000-0500-0000-000013b2650f.jpg', 'https://millenniumimoveis.janeladigital.com/images/140x105/6510/3a9c8001-0000-0500-0000-000013b26510.jpg']",Millenium,DCEI- AVI - Área de Gestão de Vendas de Imóveis,dgv@millenniumbcp.pt,211 988 863

Terreno,107303,84000,,Setúbal,Palmela,Poceirão e Marateca,,21250,1996,"['https://millenniumimoveis.janeladigital.com/images/640x480/96a0/5313e500-0000-0500-0000-000013ab96a0.jpg', 'https://millenniumimoveis.janeladigital.com/images/640x480/96a1/5313e500-0000-0500-0000-000013ab96a1.jpg', 'https://millenniumimoveis.janeladigital.com/images/140x105/96a0/5313e500-0000-0500-0000-000013ab96a0.jpg', 'https://millenniumimoveis.janeladigital.com/images/140x105/96a1/5313e500-0000-0500-0000-000013ab96a1.jpg', 'https://millenniumimoveis.janeladigital.com/images/140x105/96a2/5313e500-0000-0500-0000-000013ab96a2.jpg', 'https://millenniumimoveis.janeladigital.com/images/140x105/96a3/5313e500-0000-0500-0000-000013ab96a3.jpg', 'https://millenniumimoveis.janeladigital.com/images/140x105/96a4/5313e500-0000-0500-0000-000013ab96a4.jpg']",Millenium,DCEI- AVI - Área de Gestão de Vendas de Imóveis,dgv@millenniumbcp.pt,211 988 863

Loja,33043,331000,,Setúbal,Almada,"Almada, Cova da Piedade, Pragal e Cacilhas",,180,1982,"['https://millenniumimoveis.janeladigital.com/images/640x480/218f/e1718001-0000-0500-0000-000013ab218f.jpg', 'https://millenniumimoveis.janeladigital.com/images/640x480/2190/e1718001-0000-0500-0000-000013ab2190.jpg', 'https://millenniumimoveis.janeladigital.com/images/140x105/218f/e1718001-0000-0500-0000-000013ab218f.jpg', 'https://millenniumimoveis.janeladigital.com/images/140x105/2190/e1718001-0000-0500-0000-000013ab2190.jpg', 'https://millenniumimoveis.janeladigital.com/images/140x105/2191/e1718001-0000-0500-0000-000013ab2191.jpg', 'https://millenniumimoveis.janeladigital.com/images/140x105/2192/e1718001-0000-0500-0000-000013ab2192.jpg', 'https://millenniumimoveis.janeladigital.com/images/140x105/2193/e1718001-0000-0500-0000-000013ab2193.jpg']",Millenium,DCEI- AVI - Área de Gestão de Vendas de Imóveis,dgv@millenniumbcp.pt,211 988 863

Moradia T3,84413,256000,,Santarém,Abrantes,Rio de Moinhos,T3,390,1953,"['https://millenniumimoveis.janeladigital.com/images/640x480/11b7/fc5a8101-0000-0500-0000-000013ac11b7.jpg', 'https://millenniumimoveis.janeladigital.com/images/640x480/11b8/fc5a8101-0000-0500-0000-000013ac11b8.jpg', 'https://millenniumimoveis.janeladigital.com/images/140x105/11b7/fc5a8101-0000-0500-0000-000013ac11b7.jpg', 'https://millenniumimoveis.janeladigital.com/images/140x105/11b8/fc5a8101-0000-0500-0000-000013ac11b8.jpg', 'https://millenniumimoveis.janeladigital.com/images/140x105/11b9/fc5a8101-0000-0500-0000-000013ac11b9.jpg', 'https://millenniumimoveis.janeladigital.com/images/140x105/11d6/fc5a8101-0000-0500-0000-000013ba11d6.jpg', 'https://millenniumimoveis.janeladigital.com/images/140x105/11d7/fc5a8101-0000-0500-0000-000013ba11d7.jpg']",Millenium,DCEI- AVI - Área de Gestão de Vendas de Imóveis,dgv@millenniumbcp.pt,211 988 863

Moradia T3,104513,410000,,Coimbra,Soure,Soure,T3,1571,1989,"['https://millenniumimoveis.janeladigital.com/images/640x480/a52e/5b4b8101-0000-0500-0000-000013aaa52e.jpg', 'https://millenniumimoveis.janeladigital.com/images/640x480/a52f/5b4b8101-0000-0500-0000-000013aaa52f.jpg', 'https://millenniumimoveis.janeladigital.com/images/140x105/a52e/5b4b8101-0000-0500-0000-000013aaa52e.jpg', 'https://millenniumimoveis.janeladigital.com/images/140x105/a52f/5b4b8101-0000-0500-0000-000013aaa52f.jpg', 'https://millenniumimoveis.janeladigital.com/images/140x105/a530/5b4b8101-0000-0500-0000-000013aaa530.jpg', 'https://millenniumimoveis.janeladigital.com/images/140x105/a531/5b4b8101-0000-0500-0000-000013aaa531.jpg', 'https://millenniumimoveis.janeladigital.com/images/140x105/a532/5b4b8101-0000-0500-0000-000013aaa532.jpg']",Millenium,DCEI- AVI - Área de Gestão de Vendas de Imóveis,dgv@millenniumbcp.pt,211 988 863

Loja,266,112000,,Porto,Vila Nova de Gaia,Pedroso e Seixezelo,,147,1900,"['https://millenniumimoveis.janeladigital.com/images/640x480/96aa/5c4b8101-0000-0500-0000-000013ab96aa.jpg', 'https://millenniumimoveis.janeladigital.com/images/640x480/96ab/5c4b8101-0000-0500-0000-000013ab96ab.jpg', 'https://millenniumimoveis.janeladigital.com/images/140x105/96aa/5c4b8101-0000-0500-0000-000013ab96aa.jpg', 'https://millenniumimoveis.janeladigital.com/images/140x105/96ab/5c4b8101-0000-0500-0000-000013ab96ab.jpg', 'https://millenniumimoveis.janeladigital.com/images/140x105/96ac/5c4b8101-0000-0500-0000-000013ab96ac.jpg', 'https://millenniumimoveis.janeladigital.com/images/140x105/96ad/5c4b8101-0000-0500-0000-000013ab96ad.jpg', 'https://millenniumimoveis.janeladigital.com/images/140x105/96ae/5c4b8101-0000-0500-0000-000013ab96ae.jpg']",Millenium,DCEI- AVI - Área de Gestão de Vendas de Imóveis,dgv@millenniumbcp.pt,211 988 863

Moradia T4,117659,97000,,Aveiro,Sever do Vouga,Silva Escura e Dornelas,T4,121,1976,"['https://millenniumimoveis.janeladigital.com/images/640x480/c6c0/95058001-0000-0500-0000-000013a3c6c0.jpg', 'https://millenniumimoveis.janeladigital.com/images/640x480/c6c1/95058001-0000-0500-0000-000013a3c6c1.jpg', 'https://millenniumimoveis.janeladigital.com/images/140x105/c6c0/95058001-0000-0500-0000-000013a3c6c0.jpg', 'https://millenniumimoveis.janeladigital.com/images/140x105/c6c1/95058001-0000-0500-0000-000013a3c6c1.jpg', 'https://millenniumimoveis.janeladigital.com/images/140x105/c6c2/95058001-0000-0500-0000-000013a3c6c2.jpg', 'https://millenniumimoveis.janeladigital.com/images/140x105/c6c3/95058001-0000-0500-0000-000013a3c6c3.jpg', 'https://millenniumimoveis.janeladigital.com/images/140x105/c6c4/95058001-0000-0500-0000-000013a3c6c4.jpg']",Millenium,DCEI- AVI - Área de Gestão de Vendas de Imóveis,dgv@millenniumbcp.pt,211 988 863

Moradia T2,117713,68000,,Portalegre,Alter do Chão,Alter do Chão,T2,120,1950,"['https://millenniumimoveis.janeladigital.com/images/640x480/d988/6af17f01-0000-0500-0000-000013a1d988.jpg', 'https://millenniumimoveis.janeladigital.com/images/640x480/bca1/6af17f01-0000-0500-0000-000013c1bca1.jpg', 'https://millenniumimoveis.janeladigital.com/images/140x105/d988/6af17f01-0000-0500-0000-000013a1d988.jpg', 'https://millenniumimoveis.janeladigital.com/images/140x105/bca1/6af17f01-0000-0500-0000-000013c1bca1.jpg', 'https://millenniumimoveis.janeladigital.com/images/140x105/bca2/6af17f01-0000-0500-0000-000013c1bca2.jpg', 'https://millenniumimoveis.janeladigital.com/images/140x105/d989/6af17f01-0000-0500-0000-000013a1d989.jpg', 'https://millenniumimoveis.janeladigital.com/images/140x105/d98b/6af17f01-0000-0500-0000-000013a1d98b.jpg']",Millenium,DCEI- AVI - Área de Gestão de Vendas de Imóveis,dgv@millenniumbcp.pt,211 988 863

Moradia T4,117605,89000,,Viseu,Castro Daire,Mões,T4,151,2007,"['https://millenniumimoveis.janeladigital.com/images/640x480/9e3b/e91b8001-0000-0500-0000-000013a09e3b.jpg', 'https://millenniumimoveis.janeladigital.com/images/640x480/9e3c/e91b8001-0000-0500-0000-000013a09e3c.jpg', 'https://millenniumimoveis.janeladigital.com/images/140x105/9e3b/e91b8001-0000-0500-0000-000013a09e3b.jpg', 'https://millenniumimoveis.janeladigital.com/images/140x105/9e3c/e91b8001-0000-0500-0000-000013a09e3c.jpg', 'https://millenniumimoveis.janeladigital.com/images/140x105/9e3d/e91b8001-0000-0500-0000-000013a09e3d.jpg', 'https://millenniumimoveis.janeladigital.com/images/140x105/9e3e/e91b8001-0000-0500-0000-000013a09e3e.jpg', 'https://millenniumimoveis.janeladigital.com/images/140x105/9e3f/e91b8001-0000-0500-0000-000013a09e3f.jpg']",Millenium,Era Viseu Sé - Resposta Presente - Unp Lda,viseuse@era.pt,232428356

Apartamento T2,107089,147000,,Setúbal,Setúbal,União das Freguesias de Setúbal,T2,70,1985,"['https://millenniumimoveis.janeladigital.com/images/640x480/1c0d/75587f01-0000-0500-0000-0000139a1c0d.jpg', 'https://millenniumimoveis.janeladigital.com/images/640x480/1c0e/75587f01-0000-0500-0000-0000139a1c0e.jpg', 'https://millenniumimoveis.janeladigital.com/images/140x105/1c0d/75587f01-0000-0500-0000-0000139a1c0d.jpg', 'https://millenniumimoveis.janeladigital.com/images/140x105/1c0e/75587f01-0000-0500-0000-0000139a1c0e.jpg', 'https://millenniumimoveis.janeladigital.com/images/140x105/1c0f/75587f01-0000-0500-0000-0000139a1c0f.jpg', 'https://millenniumimoveis.janeladigital.com/images/140x105/1c10/75587f01-0000-0500-0000-0000139a1c10.jpg', 'https://millenniumimoveis.janeladigital.com/images/140x105/1c11/75587f01-0000-0500-0000-0000139a1c11.jpg']",Millenium,DCEI- AVI - Área de Gestão de Vendas de Imóveis,dgv@millenniumbcp.pt,211 988 863

Loja,110934,88000,,Santarém,Tomar,São João Baptista e Santa Maria dos Olivais,,113,,"['https://millenniumimoveis.janeladigital.com/images/640x480/9081/15497f01-0000-0500-0000-000013999081.jpg', 'https://millenniumimoveis.janeladigital.com/images/640x480/9082/15497f01-0000-0500-0000-000013999082.jpg', 'https://millenniumimoveis.janeladigital.com/images/140x105/9081/15497f01-0000-0500-0000-000013999081.jpg', 'https://millenniumimoveis.janeladigital.com/images/140x105/9082/15497f01-0000-0500-0000-000013999082.jpg', 'https://millenniumimoveis.janeladigital.com/images/140x105/9083/15497f01-0000-0500-0000-000013999083.jpg', 'https://millenniumimoveis.janeladigital.com/images/140x105/9084/15497f01-0000-0500-0000-000013999084.jpg', 'https://millenniumimoveis.janeladigital.com/images/140x105/bcaa/15497f01-0000-0500-0000-000013c1bcaa.jpg']",Millenium,DCEI- AVI - Área de Gestão de Vendas de Imóveis,dgv@millenniumbcp.pt,211 988 863

Prédio,38810,642200,,Setúbal,Seixal,Fernão Ferro,,3250,1989,"['https://millenniumimoveis.janeladigital.com/images/640x480/0f5f/a40f9100-0000-0500-0000-000013950f5f.jpg', 'https://millenniumimoveis.janeladigital.com/images/640x480/0f61/a40f9100-0000-0500-0000-000013950f61.jpg', 'https://millenniumimoveis.janeladigital.com/images/140x105/0f5f/a40f9100-0000-0500-0000-000013950f5f.jpg', 'https://millenniumimoveis.janeladigital.com/images/140x105/0f61/a40f9100-0000-0500-0000-000013950f61.jpg', 'https://millenniumimoveis.janeladigital.com/images/140x105/0f62/a40f9100-0000-0500-0000-000013950f62.jpg', 'https://millenniumimoveis.janeladigital.com/images/140x105/0f64/a40f9100-0000-0500-0000-000013950f64.jpg']",Millenium,DCEI- AVI - Área de Gestão de Vendas de Imóveis,dgv@millenniumbcp.pt,211 988 863

Moradia T2,88220,72000,,Coimbra,Coimbra,Assafarge e Antanhol,T2,105,1992,"['https://millenniumimoveis.janeladigital.com/images/640x480/9b7d/5d3c7a01-0000-0500-0000-000013919b7d.jpg', 'https://millenniumimoveis.janeladigital.com/images/640x480/9b7e/5d3c7a01-0000-0500-0000-000013919b7e.jpg', 'https://millenniumimoveis.janeladigital.com/images/140x105/9b7d/5d3c7a01-0000-0500-0000-000013919b7d.jpg', 'https://millenniumimoveis.janeladigital.com/images/140x105/9b7e/5d3c7a01-0000-0500-0000-000013919b7e.jpg', 'https://millenniumimoveis.janeladigital.com/images/140x105/9b7f/5d3c7a01-0000-0500-0000-000013919b7f.jpg', 'https://millenniumimoveis.janeladigital.com/images/140x105/9b80/5d3c7a01-0000-0500-0000-000013919b80.jpg', 'https://millenniumimoveis.janeladigital.com/images/140x105/9b81/5d3c7a01-0000-0500-0000-000013919b81.jpg']",Millenium,REMAX WHITE - WHITEONE MED IMOB LDA,nquiterio@remax.pt,

Apartamento T3,64854,147000,,Santarém,Santarém,Cidade de Santarém,T3,147,2005,"['https://millenniumimoveis.janeladigital.com/images/640x480/2342/f1f77e01-0000-0500-0000-000013922342.jpg', 'https://millenniumimoveis.janeladigital.com/images/640x480/2343/f1f77e01-0000-0500-0000-000013922343.jpg', 'https://millenniumimoveis.janeladigital.com/images/140x105/2342/f1f77e01-0000-0500-0000-000013922342.jpg', 'https://millenniumimoveis.janeladigital.com/images/140x105/2343/f1f77e01-0000-0500-0000-000013922343.jpg', 'https://millenniumimoveis.janeladigital.com/images/140x105/2344/f1f77e01-0000-0500-0000-000013922344.jpg', 'https://millenniumimoveis.janeladigital.com/images/140x105/2345/f1f77e01-0000-0500-0000-000013922345.jpg', 'https://millenniumimoveis.janeladigital.com/images/140x105/2346/f1f77e01-0000-0500-0000-000013922346.jpg']",Millenium,YESTERDAY MAGIC CONSULTORIA MEDIAÇÃO IMOBILIÁRIA LDA,geral@ymg.pt,"217 260 169, 920368346 / 963537162"

Moradia T3,108849,232000,,Leiria,Porto de Mós,São Bento,T3,239,1996,"['https://millenniumimoveis.janeladigital.com/images/640x480/aea1/b3507f01-0000-0500-0000-00001388aea1.jpg', 'https://millenniumimoveis.janeladigital.com/images/640x480/bca9/b3507f01-0000-0500-0000-000013c1bca9.jpg', 'https://millenniumimoveis.janeladigital.com/images/140x105/aea1/b3507f01-0000-0500-0000-00001388aea1.jpg', 'https://millenniumimoveis.janeladigital.com/images/140x105/bca9/b3507f01-0000-0500-0000-000013c1bca9.jpg', 'https://millenniumimoveis.janeladigital.com/images/140x105/aea3/b3507f01-0000-0500-0000-00001388aea3.jpg', 'https://millenniumimoveis.janeladigital.com/images/140x105/aea4/b3507f01-0000-0500-0000-00001388aea4.jpg', 'https://millenniumimoveis.janeladigital.com/images/140x105/aea5/b3507f01-0000-0500-0000-00001388aea5.jpg']",Millenium,DCEI- AVI - Área de Gestão de Vendas de Imóveis,dgv@millenniumbcp.pt,211 988 863

Prédio,36781,2165000,,Faro,Lagoa,Estômbar e Parchal,,2294,2006,"['https://millenniumimoveis.janeladigital.com/images/640x480/66f8/2ced7e01-0000-0500-0000-0000138566f8.jpg', 'https://millenniumimoveis.janeladigital.com/images/640x480/66f9/2ced7e01-0000-0500-0000-0000138566f9.jpg', 'https://millenniumimoveis.janeladigital.com/images/140x105/66f8/2ced7e01-0000-0500-0000-0000138566f8.jpg', 'https://millenniumimoveis.janeladigital.com/images/140x105/66f9/2ced7e01-0000-0500-0000-0000138566f9.jpg', 'https://millenniumimoveis.janeladigital.com/images/140x105/3051/2ced7e01-0000-0500-0000-000013b83051.jpg', 'https://millenniumimoveis.janeladigital.com/images/140x105/3052/2ced7e01-0000-0500-0000-000013b83052.jpg', 'https://millenniumimoveis.janeladigital.com/images/140x105/3053/2ced7e01-0000-0500-0000-000013b83053.jpg']",Millenium,DCEI- AVI - Área de Gestão de Vendas de Imóveis,dgv@millenniumbcp.pt,211 988 863

Moradia T3,87464,141000,,Beja,Ourique,Ourique,T3,150,1948,"['https://millenniumimoveis.janeladigital.com/images/640x480/27e2/2ded7e01-0000-0500-0000-0000137d27e2.jpg', 'https://millenniumimoveis.janeladigital.com/images/640x480/27e3/2ded7e01-0000-0500-0000-0000137d27e3.jpg', 'https://millenniumimoveis.janeladigital.com/images/140x105/27e2/2ded7e01-0000-0500-0000-0000137d27e2.jpg', 'https://millenniumimoveis.janeladigital.com/images/140x105/27e3/2ded7e01-0000-0500-0000-0000137d27e3.jpg', 'https://millenniumimoveis.janeladigital.com/images/140x105/27e4/2ded7e01-0000-0500-0000-0000137d27e4.jpg', 'https://millenniumimoveis.janeladigital.com/images/140x105/27e5/2ded7e01-0000-0500-0000-0000137d27e5.jpg', 'https://millenniumimoveis.janeladigital.com/images/140x105/27e6/2ded7e01-0000-0500-0000-0000137d27e6.jpg']",Millenium,DCEI- AVI - Área de Gestão de Vendas de Imóveis,dgv@millenniumbcp.pt,211 988 863

Moradia T4,114631,180000,,Setúbal,Alcácer do Sal,Torrão,T4,286,2003,"['https://millenniumimoveis.janeladigital.com/images/640x480/ccf3/4b377e01-0000-0500-0000-00001367ccf3.jpg', 'https://millenniumimoveis.janeladigital.com/images/640x480/ccf4/4b377e01-0000-0500-0000-00001367ccf4.jpg', 'https://millenniumimoveis.janeladigital.com/images/140x105/ccf3/4b377e01-0000-0500-0000-00001367ccf3.jpg', 'https://millenniumimoveis.janeladigital.com/images/140x105/ccf4/4b377e01-0000-0500-0000-00001367ccf4.jpg', 'https://millenniumimoveis.janeladigital.com/images/140x105/ccf5/4b377e01-0000-0500-0000-00001367ccf5.jpg', 'https://millenniumimoveis.janeladigital.com/images/140x105/ccf6/4b377e01-0000-0500-0000-00001367ccf6.jpg', 'https://millenniumimoveis.janeladigital.com/images/140x105/ccf7/4b377e01-0000-0500-0000-00001367ccf7.jpg']",Millenium,DCEI- AVI - Área de Gestão de Vendas de Imóveis,dgv@millenniumbcp.pt,211 988 863

Terreno,102192,25600000,,Setúbal,Setúbal,São Sebastião,,1416758,2005,"['https://millenniumimoveis.janeladigital.com/images/640x480/3450/70603901-0000-0500-0000-000013643450.jpg', 'https://millenniumimoveis.janeladigital.com/images/640x480/3452/70603901-0000-0500-0000-000013643452.jpg', 'https://millenniumimoveis.janeladigital.com/images/140x105/3450/70603901-0000-0500-0000-000013643450.jpg', 'https://millenniumimoveis.janeladigital.com/images/140x105/3452/70603901-0000-0500-0000-000013643452.jpg', 'https://millenniumimoveis.janeladigital.com/images/140x105/3453/70603901-0000-0500-0000-000013643453.jpg', 'https://millenniumimoveis.janeladigital.com/images/140x105/3454/70603901-0000-0500-0000-000013643454.jpg', 'https://millenniumimoveis.janeladigital.com/images/140x105/3455/70603901-0000-0500-0000-000013643455.jpg']",Millenium,DCEI- AVI - Área de Gestão de Vendas de Imóveis,dgv@millenniumbcp.pt,211 988 863

Armazém,106909,190000,,Évora,Vila Viçosa,Nossa Senhora da Conceição e São Bartolomeu,,480,,"['https://millenniumimoveis.janeladigital.com/images/640x480/5dd8/41c07e01-0000-0500-0000-000013535dd8.jpg', 'https://millenniumimoveis.janeladigital.com/images/640x480/5dda/41c07e01-0000-0500-0000-000013535dda.jpg', 'https://millenniumimoveis.janeladigital.com/images/140x105/5dd8/41c07e01-0000-0500-0000-000013535dd8.jpg', 'https://millenniumimoveis.janeladigital.com/images/140x105/5dda/41c07e01-0000-0500-0000-000013535dda.jpg', 'https://millenniumimoveis.janeladigital.com/images/140x105/5ddc/41c07e01-0000-0500-0000-000013535ddc.jpg', 'https://millenniumimoveis.janeladigital.com/images/140x105/5ddd/41c07e01-0000-0500-0000-000013535ddd.jpg', 'https://millenniumimoveis.janeladigital.com/images/140x105/5dde/41c07e01-0000-0500-0000-000013535dde.jpg']",Millenium,DCEI- AVI - Área de Gestão de Vendas de Imóveis,dgv@millenniumbcp.pt,211 988 863

Terreno,117583,28000,,Vila Real,Chaves,Santo António de Monforte,,934,1900,"['https://millenniumimoveis.janeladigital.com/images/640x480/f2f4/0f1e7d01-0000-0500-0000-00001327f2f4.jpg', 'https://millenniumimoveis.janeladigital.com/images/640x480/f2f5/0f1e7d01-0000-0500-0000-00001327f2f5.jpg', 'https://millenniumimoveis.janeladigital.com/images/140x105/f2f4/0f1e7d01-0000-0500-0000-00001327f2f4.jpg', 'https://millenniumimoveis.janeladigital.com/images/140x105/f2f5/0f1e7d01-0000-0500-0000-00001327f2f5.jpg', 'https://millenniumimoveis.janeladigital.com/images/140x105/f2f6/0f1e7d01-0000-0500-0000-00001327f2f6.jpg', 'https://millenniumimoveis.janeladigital.com/images/140x105/f2f7/0f1e7d01-0000-0500-0000-00001327f2f7.jpg', 'https://millenniumimoveis.janeladigital.com/images/140x105/f2f8/0f1e7d01-0000-0500-0000-00001327f2f8.jpg']",Millenium,DCEI- AVI - Área de Gestão de Vendas de Imóveis,dgv@millenniumbcp.pt,211 988 863

Prédio,36777,225100,,Faro,Lagoa,Estômbar e Parchal,,611,2008,"['https://millenniumimoveis.janeladigital.com/images/640x480/414a/ca027d01-0000-0500-0000-00001324414a.jpg', 'https://millenniumimoveis.janeladigital.com/images/640x480/414b/ca027d01-0000-0500-0000-00001324414b.jpg', 'https://millenniumimoveis.janeladigital.com/images/140x105/414a/ca027d01-0000-0500-0000-00001324414a.jpg', 'https://millenniumimoveis.janeladigital.com/images/140x105/414b/ca027d01-0000-0500-0000-00001324414b.jpg', 'https://millenniumimoveis.janeladigital.com/images/140x105/414c/ca027d01-0000-0500-0000-00001324414c.jpg', 'https://millenniumimoveis.janeladigital.com/images/140x105/414d/ca027d01-0000-0500-0000-00001324414d.jpg', 'https://millenniumimoveis.janeladigital.com/images/140x105/414e/ca027d01-0000-0500-0000-00001324414e.jpg']",Millenium,DCEI- AVI - Área de Gestão de Vendas de Imóveis,dgv@millenniumbcp.pt,211 988 863

Apartamento T3,93940,165000,,Évora,Viana do Alentejo,Viana do Alentejo,T3,330,2003,"['https://millenniumimoveis.janeladigital.com/images/640x480/bf3b/bbb77c01-0000-0500-0000-0000131bbf3b.jpg', 'https://millenniumimoveis.janeladigital.com/images/640x480/bf3c/bbb77c01-0000-0500-0000-0000131bbf3c.jpg', 'https://millenniumimoveis.janeladigital.com/images/140x105/bf3b/bbb77c01-0000-0500-0000-0000131bbf3b.jpg', 'https://millenniumimoveis.janeladigital.com/images/140x105/bf3c/bbb77c01-0000-0500-0000-0000131bbf3c.jpg', 'https://millenniumimoveis.janeladigital.com/images/140x105/bf3d/bbb77c01-0000-0500-0000-0000131bbf3d.jpg', 'https://millenniumimoveis.janeladigital.com/images/140x105/bf3e/bbb77c01-0000-0500-0000-0000131bbf3e.jpg', 'https://millenniumimoveis.janeladigital.com/images/140x105/bf3f/bbb77c01-0000-0500-0000-0000131bbf3f.jpg']",Millenium,DCEI- AVI - Área de Gestão de Vendas de Imóveis,dgv@millenniumbcp.pt,211 988 863

Moradia T6,112223,139000,,Vila Real,Montalegre,Chã,T6 ou superior,182,1997,"['https://millenniumimoveis.janeladigital.com/images/640x480/ccbb/e0597a01-0000-0500-0000-000012dfccbb.jpg', 'https://millenniumimoveis.janeladigital.com/images/640x480/ccbc/e0597a01-0000-0500-0000-000012dfccbc.jpg', 'https://millenniumimoveis.janeladigital.com/images/140x105/ccbb/e0597a01-0000-0500-0000-000012dfccbb.jpg', 'https://millenniumimoveis.janeladigital.com/images/140x105/ccbc/e0597a01-0000-0500-0000-000012dfccbc.jpg', 'https://millenniumimoveis.janeladigital.com/images/140x105/ccbd/e0597a01-0000-0500-0000-000012dfccbd.jpg', 'https://millenniumimoveis.janeladigital.com/images/140x105/ccbe/e0597a01-0000-0500-0000-000012dfccbe.jpg', 'https://millenniumimoveis.janeladigital.com/images/140x105/ccbf/e0597a01-0000-0500-0000-000012dfccbf.jpg']",Millenium,CENTURY 21 FLAVICOMPRA (CHAVES),oscarpires@century21.pt,+351 276341028

Apartamento T3,112541,129000,,Bragança,Mogadouro,Bemposta,T3,254,2006,"['https://millenniumimoveis.janeladigital.com/images/640x480/7c74/53c77b01-0000-0500-0000-000013117c74.jpg', 'https://millenniumimoveis.janeladigital.com/images/640x480/7c75/53c77b01-0000-0500-0000-000013117c75.jpg', 'https://millenniumimoveis.janeladigital.com/images/140x105/7c74/53c77b01-0000-0500-0000-000013117c74.jpg', 'https://millenniumimoveis.janeladigital.com/images/140x105/7c75/53c77b01-0000-0500-0000-000013117c75.jpg', 'https://millenniumimoveis.janeladigital.com/images/140x105/7c76/53c77b01-0000-0500-0000-000013117c76.jpg', 'https://millenniumimoveis.janeladigital.com/images/140x105/7c77/53c77b01-0000-0500-0000-000013117c77.jpg', 'https://millenniumimoveis.janeladigital.com/images/140x105/7c79/53c77b01-0000-0500-0000-000013117c79.jpg']",Millenium,"Liderclass Soc. med. Imobiliária, Lda",tua@liderclass.pt,278265475

Moradia T4,109599,94000,,Viseu,Viseu,"Boa Aldeia, Farminhão e Torredeita",T4,250,2007,"['https://millenniumimoveis.janeladigital.com/images/640x480/4fae/f35a7c01-0000-0500-0000-000013214fae.jpg', 'https://millenniumimoveis.janeladigital.com/images/640x480/4fb0/f35a7c01-0000-0500-0000-000013214fb0.jpg', 'https://millenniumimoveis.janeladigital.com/images/140x105/4fae/f35a7c01-0000-0500-0000-000013214fae.jpg', 'https://millenniumimoveis.janeladigital.com/images/140x105/4fb0/f35a7c01-0000-0500-0000-000013214fb0.jpg', 'https://millenniumimoveis.janeladigital.com/images/140x105/4fb1/f35a7c01-0000-0500-0000-000013214fb1.jpg', 'https://millenniumimoveis.janeladigital.com/images/140x105/4fb2/f35a7c01-0000-0500-0000-000013214fb2.jpg', 'https://millenniumimoveis.janeladigital.com/images/140x105/e6fb/f35a7c01-0000-0500-0000-00001311e6fb.jpg']",Millenium,DCEI- AVI - Área de Gestão de Vendas de Imóveis,dgv@millenniumbcp.pt,211 988 863

Moradia T3,117281,95000,,Bragança,Mogadouro,Tó,T3,242,2002,"['https://millenniumimoveis.janeladigital.com/images/640x480/6412/d4ec7b01-0000-0500-0000-0000130c6412.jpg', 'https://millenniumimoveis.janeladigital.com/images/640x480/6413/d4ec7b01-0000-0500-0000-0000130c6413.jpg', 'https://millenniumimoveis.janeladigital.com/images/140x105/6412/d4ec7b01-0000-0500-0000-0000130c6412.jpg', 'https://millenniumimoveis.janeladigital.com/images/140x105/6413/d4ec7b01-0000-0500-0000-0000130c6413.jpg', 'https://millenniumimoveis.janeladigital.com/images/140x105/6414/d4ec7b01-0000-0500-0000-0000130c6414.jpg', 'https://millenniumimoveis.janeladigital.com/images/140x105/6415/d4ec7b01-0000-0500-0000-0000130c6415.jpg', 'https://millenniumimoveis.janeladigital.com/images/140x105/6417/d4ec7b01-0000-0500-0000-0000130c6417.jpg']",Millenium,"Liderclass Soc. med. Imobiliária, Lda",tua@liderclass.pt,278265475

Moradia T5,103772,157000,,Leiria,Alvaiázere,Pussos São Pedro,T5,290,1945,"['https://millenniumimoveis.janeladigital.com/images/640x480/acd9/e736ba00-0000-0500-0000-00001378acd9.jpg', 'https://millenniumimoveis.janeladigital.com/images/640x480/c970/e736ba00-0000-0500-0000-00001304c970.jpg', 'https://millenniumimoveis.janeladigital.com/images/140x105/acd9/e736ba00-0000-0500-0000-00001378acd9.jpg', 'https://millenniumimoveis.janeladigital.com/images/140x105/c970/e736ba00-0000-0500-0000-00001304c970.jpg', 'https://millenniumimoveis.janeladigital.com/images/140x105/c971/e736ba00-0000-0500-0000-00001304c971.jpg', 'https://millenniumimoveis.janeladigital.com/images/140x105/c972/e736ba00-0000-0500-0000-00001304c972.jpg', 'https://millenniumimoveis.janeladigital.com/images/140x105/acda/e736ba00-0000-0500-0000-00001378acda.jpg']",Millenium,DCEI- AVI - Área de Gestão de Vendas de Imóveis,dgv@millenniumbcp.pt,211 988 863

Moradia T3,113724,81000,,Leiria,Porto de Mós,Serro Ventoso,T3,78,2000,"['https://millenniumimoveis.janeladigital.com/images/640x480/9355/8e497b01-0000-0500-0000-0000138a9355.jpg', 'https://millenniumimoveis.janeladigital.com/images/640x480/e4d8/8e497b01-0000-0500-0000-000012f4e4d8.jpg', 'https://millenniumimoveis.janeladigital.com/images/140x105/9355/8e497b01-0000-0500-0000-0000138a9355.jpg', 'https://millenniumimoveis.janeladigital.com/images/140x105/e4d8/8e497b01-0000-0500-0000-000012f4e4d8.jpg', 'https://millenniumimoveis.janeladigital.com/images/140x105/e4d9/8e497b01-0000-0500-0000-000012f4e4d9.jpg', 'https://millenniumimoveis.janeladigital.com/images/140x105/9356/8e497b01-0000-0500-0000-0000138a9356.jpg', 'https://millenniumimoveis.janeladigital.com/images/140x105/bcab/8e497b01-0000-0500-0000-000013c1bcab.jpg']",Millenium,CLIKIMBAV UNIP LDA,geral@clikimbav.pt,

Moradia T4,116316,225000,,Leiria,Figueiró dos Vinhos,Aguda,T4,223,2010,"['https://millenniumimoveis.janeladigital.com/images/640x480/3322/80377b01-0000-0500-0000-000012f43322.jpg', 'https://millenniumimoveis.janeladigital.com/images/640x480/3325/80377b01-0000-0500-0000-000012f43325.jpg', 'https://millenniumimoveis.janeladigital.com/images/140x105/3322/80377b01-0000-0500-0000-000012f43322.jpg', 'https://millenniumimoveis.janeladigital.com/images/140x105/3325/80377b01-0000-0500-0000-000012f43325.jpg', 'https://millenniumimoveis.janeladigital.com/images/140x105/3328/80377b01-0000-0500-0000-000012f43328.jpg', 'https://millenniumimoveis.janeladigital.com/images/140x105/332b/80377b01-0000-0500-0000-000012f4332b.jpg', 'https://millenniumimoveis.janeladigital.com/images/140x105/332d/80377b01-0000-0500-0000-000012f4332d.jpg']",Millenium,REMAX WHITE - WHITEONE MED IMOB LDA,nquiterio@remax.pt,

Moradia T2,115386,49000,,Évora,Borba,Rio de Moinhos,T2,144,1989,"['https://millenniumimoveis.janeladigital.com/images/640x480/7441/60317b01-0000-0500-0000-000012f17441.jpg', 'https://millenniumimoveis.janeladigital.com/images/640x480/7442/60317b01-0000-0500-0000-000012f17442.jpg', 'https://millenniumimoveis.janeladigital.com/images/140x105/7441/60317b01-0000-0500-0000-000012f17441.jpg', 'https://millenniumimoveis.janeladigital.com/images/140x105/7442/60317b01-0000-0500-0000-000012f17442.jpg', 'https://millenniumimoveis.janeladigital.com/images/140x105/7445/60317b01-0000-0500-0000-000012f17445.jpg', 'https://millenniumimoveis.janeladigital.com/images/140x105/7448/60317b01-0000-0500-0000-000012f17448.jpg', 'https://millenniumimoveis.janeladigital.com/images/140x105/744a/60317b01-0000-0500-0000-000012f1744a.jpg']",Millenium,REMAX ÉVORA - CASAS SONHO SOC MED IMOB LDA,d.aldinhas@remax.pt,

Moradia T3,105442,55000,,Coimbra,Montemor-o-Velho,Carapinheira,T3,74,1979,"['https://millenniumimoveis.janeladigital.com/images/640x480/124f/e4597a01-0000-0500-0000-0000134d124f.jpg', 'https://millenniumimoveis.janeladigital.com/images/640x480/1250/e4597a01-0000-0500-0000-0000134d1250.jpg', 'https://millenniumimoveis.janeladigital.com/images/140x105/124f/e4597a01-0000-0500-0000-0000134d124f.jpg', 'https://millenniumimoveis.janeladigital.com/images/140x105/1250/e4597a01-0000-0500-0000-0000134d1250.jpg', 'https://millenniumimoveis.janeladigital.com/images/140x105/1251/e4597a01-0000-0500-0000-0000134d1251.jpg', 'https://millenniumimoveis.janeladigital.com/images/140x105/1252/e4597a01-0000-0500-0000-0000134d1252.jpg', 'https://millenniumimoveis.janeladigital.com/images/140x105/1253/e4597a01-0000-0500-0000-0000134d1253.jpg']",Millenium,REMAX WHITE - WHITEONE MED IMOB LDA,nquiterio@remax.pt,

Terreno,95136,440000,,Madeira,Funchal,São Martinho,,7650,1900,"['https://millenniumimoveis.janeladigital.com/images/640x480/af19/ff677701-0000-0500-0000-000012a2af19.jpg', 'https://millenniumimoveis.janeladigital.com/images/640x480/af1a/ff677701-0000-0500-0000-000012a2af1a.jpg', 'https://millenniumimoveis.janeladigital.com/images/140x105/af19/ff677701-0000-0500-0000-000012a2af19.jpg', 'https://millenniumimoveis.janeladigital.com/images/140x105/af1a/ff677701-0000-0500-0000-000012a2af1a.jpg', 'https://millenniumimoveis.janeladigital.com/images/140x105/af1b/ff677701-0000-0500-0000-000012a2af1b.jpg', 'https://millenniumimoveis.janeladigital.com/images/140x105/af1c/ff677701-0000-0500-0000-000012a2af1c.jpg', 'https://millenniumimoveis.janeladigital.com/images/140x105/af1d/ff677701-0000-0500-0000-000012a2af1d.jpg']",Millenium,DCEI- AVI - Área de Gestão de Vendas de Imóveis,dgv@millenniumbcp.pt,211 988 863

Loja,37307,172000,,Évora,Évora,"Évora (São Mamede, Sé, São Pedro e Santo Antão)",,148,,"['https://millenniumimoveis.janeladigital.com/images/640x480/97df/36bfdb00-0000-0500-0000-0000127497df.jpg', 'https://millenniumimoveis.janeladigital.com/images/640x480/97e0/36bfdb00-0000-0500-0000-0000127497e0.jpg', 'https://millenniumimoveis.janeladigital.com/images/140x105/97df/36bfdb00-0000-0500-0000-0000127497df.jpg', 'https://millenniumimoveis.janeladigital.com/images/140x105/97e0/36bfdb00-0000-0500-0000-0000127497e0.jpg', 'https://millenniumimoveis.janeladigital.com/images/140x105/97e1/36bfdb00-0000-0500-0000-0000127497e1.jpg', 'https://millenniumimoveis.janeladigital.com/images/140x105/97e2/36bfdb00-0000-0500-0000-0000127497e2.jpg', 'https://millenniumimoveis.janeladigital.com/images/140x105/97e3/36bfdb00-0000-0500-0000-0000127497e3.jpg']",Millenium,MORESIZE MEDIACAO IMOBILIARIA UNIP LDA,fernando.ferreira@moresize.pt,+351 266745013

Terreno,114238,230000,,Faial,Horta,Feteira,,6292,1900,"['https://millenniumimoveis.janeladigital.com/images/640x480/372e/07107501-0000-0500-0000-00001262372e.jpg', 'https://millenniumimoveis.janeladigital.com/images/640x480/372f/07107501-0000-0500-0000-00001262372f.jpg', 'https://millenniumimoveis.janeladigital.com/images/140x105/372e/07107501-0000-0500-0000-00001262372e.jpg', 'https://millenniumimoveis.janeladigital.com/images/140x105/372f/07107501-0000-0500-0000-00001262372f.jpg', 'https://millenniumimoveis.janeladigital.com/images/140x105/3730/07107501-0000-0500-0000-000012623730.jpg', 'https://millenniumimoveis.janeladigital.com/images/140x105/3731/07107501-0000-0500-0000-000012623731.jpg', 'https://millenniumimoveis.janeladigital.com/images/140x105/3732/07107501-0000-0500-0000-000012623732.jpg']",Millenium,DCEI- AVI - Área de Gestão de Vendas de Imóveis,dgv@millenniumbcp.pt,211 988 863

Loja,117234,198000,,Coimbra,Oliveira do Hospital,Oliveira do Hospital e São Paio de Gramaços,,420,,"['https://millenniumimoveis.janeladigital.com/images/640x480/a5c0/0e367601-0000-0500-0000-0000125ea5c0.jpg', 'https://millenniumimoveis.janeladigital.com/images/640x480/a5c3/0e367601-0000-0500-0000-0000125ea5c3.jpg', 'https://millenniumimoveis.janeladigital.com/images/140x105/a5c0/0e367601-0000-0500-0000-0000125ea5c0.jpg', 'https://millenniumimoveis.janeladigital.com/images/140x105/a5c3/0e367601-0000-0500-0000-0000125ea5c3.jpg', 'https://millenniumimoveis.janeladigital.com/images/140x105/a5c6/0e367601-0000-0500-0000-0000125ea5c6.jpg', 'https://millenniumimoveis.janeladigital.com/images/140x105/a5c9/0e367601-0000-0500-0000-0000125ea5c9.jpg', 'https://millenniumimoveis.janeladigital.com/images/140x105/a5cb/0e367601-0000-0500-0000-0000125ea5cb.jpg']",Millenium,REMAX - MAGISTRAL 2 - Oliveira Hospital - Ritualnorma - Mediação Imobiliária Lda,magistral@remax.pt,+351 238249093

Apartamento T1,117075,95000,,Portalegre,Portalegre,Sé e São Lourenço,T1,86,1984,"['https://millenniumimoveis.janeladigital.com/images/640x480/c91b/3f187601-0000-0500-0000-0000125bc91b.jpg', 'https://millenniumimoveis.janeladigital.com/images/640x480/c91e/3f187601-0000-0500-0000-0000125bc91e.jpg', 'https://millenniumimoveis.janeladigital.com/images/140x105/c91b/3f187601-0000-0500-0000-0000125bc91b.jpg', 'https://millenniumimoveis.janeladigital.com/images/140x105/c91e/3f187601-0000-0500-0000-0000125bc91e.jpg', 'https://millenniumimoveis.janeladigital.com/images/140x105/c921/3f187601-0000-0500-0000-0000125bc921.jpg', 'https://millenniumimoveis.janeladigital.com/images/140x105/c924/3f187601-0000-0500-0000-0000125bc924.jpg', 'https://millenniumimoveis.janeladigital.com/images/140x105/c927/3f187601-0000-0500-0000-0000125bc927.jpg']",Millenium,DCEI- AVI - Área de Gestão de Vendas de Imóveis,dgv@millenniumbcp.pt,211 988 863

Industrial,110916,1300000,,Évora,Mora,Cabeção,,4728,2009,"['https://millenniumimoveis.janeladigital.com/images/640x480/c94c/41187601-0000-0500-0000-0000125bc94c.jpg', 'https://millenniumimoveis.janeladigital.com/images/640x480/c94d/41187601-0000-0500-0000-0000125bc94d.jpg', 'https://millenniumimoveis.janeladigital.com/images/140x105/c94c/41187601-0000-0500-0000-0000125bc94c.jpg', 'https://millenniumimoveis.janeladigital.com/images/140x105/c94d/41187601-0000-0500-0000-0000125bc94d.jpg', 'https://millenniumimoveis.janeladigital.com/images/140x105/c94e/41187601-0000-0500-0000-0000125bc94e.jpg', 'https://millenniumimoveis.janeladigital.com/images/140x105/c94f/41187601-0000-0500-0000-0000125bc94f.jpg', 'https://millenniumimoveis.janeladigital.com/images/140x105/c950/41187601-0000-0500-0000-0000125bc950.jpg']",Millenium,DCEI- AVI - Área de Gestão de Vendas de Imóveis,dgv@millenniumbcp.pt,211 988 863

Garagem,27662,39000,,Vila Real,Mondim de Basto,Mondim de Basto,,161,1999,"['https://millenniumimoveis.janeladigital.com/images/640x480/1bf1/aaa57401-0000-0500-0000-0000123b1bf1.jpg', 'https://millenniumimoveis.janeladigital.com/images/640x480/1bf2/aaa57401-0000-0500-0000-0000123b1bf2.jpg', 'https://millenniumimoveis.janeladigital.com/images/140x105/1bf1/aaa57401-0000-0500-0000-0000123b1bf1.jpg', 'https://millenniumimoveis.janeladigital.com/images/140x105/1bf2/aaa57401-0000-0500-0000-0000123b1bf2.jpg', 'https://millenniumimoveis.janeladigital.com/images/140x105/1bf3/aaa57401-0000-0500-0000-0000123b1bf3.jpg', 'https://millenniumimoveis.janeladigital.com/images/140x105/1bf4/aaa57401-0000-0500-0000-0000123b1bf4.jpg', 'https://millenniumimoveis.janeladigital.com/images/140x105/1bf5/aaa57401-0000-0500-0000-0000123b1bf5.jpg']",Millenium,DCEI- AVI - Área de Gestão de Vendas de Imóveis,dgv@millenniumbcp.pt,211 988 863

Loja,37311,129000,,Évora,Évora,"Évora (São Mamede, Sé, São Pedro e Santo Antão)",,115,,"['https://millenniumimoveis.janeladigital.com/images/640x480/d240/2cbfdb00-0000-0500-0000-000011d8d240.jpg', 'https://millenniumimoveis.janeladigital.com/images/640x480/d241/2cbfdb00-0000-0500-0000-000011d8d241.jpg', 'https://millenniumimoveis.janeladigital.com/images/140x105/d240/2cbfdb00-0000-0500-0000-000011d8d240.jpg', 'https://millenniumimoveis.janeladigital.com/images/140x105/d241/2cbfdb00-0000-0500-0000-000011d8d241.jpg', 'https://millenniumimoveis.janeladigital.com/images/140x105/d242/2cbfdb00-0000-0500-0000-000011d8d242.jpg', 'https://millenniumimoveis.janeladigital.com/images/140x105/d243/2cbfdb00-0000-0500-0000-000011d8d243.jpg', 'https://millenniumimoveis.janeladigital.com/images/140x105/73a6/2cbfdb00-0000-0500-0000-000011f173a6.jpg']",Millenium,MORESIZE MEDIACAO IMOBILIARIA UNIP LDA,fernando.ferreira@moresize.pt,+351 266745013

Terreno,77940,141500,,Leiria,Alcobaça,Benedita,,7479,1900,"['https://millenniumimoveis.janeladigital.com/images/640x480/43f5/fe826c01-0000-0500-0000-000012b443f5.jpg', 'https://millenniumimoveis.janeladigital.com/images/640x480/8e60/fe826c01-0000-0500-0000-000011688e60.jpg', 'https://millenniumimoveis.janeladigital.com/images/140x105/43f5/fe826c01-0000-0500-0000-000012b443f5.jpg', 'https://millenniumimoveis.janeladigital.com/images/140x105/8e60/fe826c01-0000-0500-0000-000011688e60.jpg', 'https://millenniumimoveis.janeladigital.com/images/140x105/8e61/fe826c01-0000-0500-0000-000011688e61.jpg', 'https://millenniumimoveis.janeladigital.com/images/140x105/594c/fe826c01-0000-0500-0000-000013b1594c.jpg', 'https://millenniumimoveis.janeladigital.com/images/140x105/43f6/fe826c01-0000-0500-0000-000012b443f6.jpg']",Millenium,DCEI- AVI - Área de Gestão de Vendas de Imóveis,dgv@millenniumbcp.pt,211 988 863

Terreno,96438,545000,,Faro,Portimão,Mexilhoeira Grande,,19329,1900,"['https://millenniumimoveis.janeladigital.com/images/640x480/9ffa/88ec5e01-0000-0500-0000-000010389ffa.jpg', 'https://millenniumimoveis.janeladigital.com/images/640x480/9ffb/88ec5e01-0000-0500-0000-000010389ffb.jpg', 'https://millenniumimoveis.janeladigital.com/images/140x105/9ffa/88ec5e01-0000-0500-0000-000010389ffa.jpg', 'https://millenniumimoveis.janeladigital.com/images/140x105/9ffb/88ec5e01-0000-0500-0000-000010389ffb.jpg', 'https://millenniumimoveis.janeladigital.com/images/140x105/9ffc/88ec5e01-0000-0500-0000-000010389ffc.jpg', 'https://millenniumimoveis.janeladigital.com/images/140x105/9ffd/88ec5e01-0000-0500-0000-000010389ffd.jpg', 'https://millenniumimoveis.janeladigital.com/images/140x105/9ffe/88ec5e01-0000-0500-0000-000010389ffe.jpg']",Millenium,DCEI- AVI - Área de Gestão de Vendas de Imóveis,dgv@millenniumbcp.pt,211 988 863

Terreno,96437,546000,,Faro,Portimão,Mexilhoeira Grande,,16957,1900,"['https://millenniumimoveis.janeladigital.com/images/640x480/9fff/89ec5e01-0000-0500-0000-000010389fff.jpg', 'https://millenniumimoveis.janeladigital.com/images/640x480/a000/89ec5e01-0000-0500-0000-00001038a000.jpg', 'https://millenniumimoveis.janeladigital.com/images/140x105/9fff/89ec5e01-0000-0500-0000-000010389fff.jpg', 'https://millenniumimoveis.janeladigital.com/images/140x105/a000/89ec5e01-0000-0500-0000-00001038a000.jpg', 'https://millenniumimoveis.janeladigital.com/images/140x105/a001/89ec5e01-0000-0500-0000-00001038a001.jpg', 'https://millenniumimoveis.janeladigital.com/images/140x105/a002/89ec5e01-0000-0500-0000-00001038a002.jpg', 'https://millenniumimoveis.janeladigital.com/images/140x105/a003/89ec5e01-0000-0500-0000-00001038a003.jpg']",Millenium,DCEI- AVI - Área de Gestão de Vendas de Imóveis,dgv@millenniumbcp.pt,211 988 863

Terreno,96436,555000,,Faro,Portimão,Mexilhoeira Grande,,16334,1900,"['https://millenniumimoveis.janeladigital.com/images/640x480/a004/8aec5e01-0000-0500-0000-00001038a004.jpg', 'https://millenniumimoveis.janeladigital.com/images/640x480/a005/8aec5e01-0000-0500-0000-00001038a005.jpg', 'https://millenniumimoveis.janeladigital.com/images/140x105/a004/8aec5e01-0000-0500-0000-00001038a004.jpg', 'https://millenniumimoveis.janeladigital.com/images/140x105/a005/8aec5e01-0000-0500-0000-00001038a005.jpg', 'https://millenniumimoveis.janeladigital.com/images/140x105/a006/8aec5e01-0000-0500-0000-00001038a006.jpg', 'https://millenniumimoveis.janeladigital.com/images/140x105/a007/8aec5e01-0000-0500-0000-00001038a007.jpg', 'https://millenniumimoveis.janeladigital.com/images/140x105/a008/8aec5e01-0000-0500-0000-00001038a008.jpg']",Millenium,DCEI- AVI - Área de Gestão de Vendas de Imóveis,dgv@millenniumbcp.pt,211 988 863

Terreno,96435,555000,,Faro,Portimão,Mexilhoeira Grande,,15929,1900,"['https://millenniumimoveis.janeladigital.com/images/640x480/a009/8bec5e01-0000-0500-0000-00001038a009.jpg', 'https://millenniumimoveis.janeladigital.com/images/640x480/a00a/8bec5e01-0000-0500-0000-00001038a00a.jpg', 'https://millenniumimoveis.janeladigital.com/images/140x105/a009/8bec5e01-0000-0500-0000-00001038a009.jpg', 'https://millenniumimoveis.janeladigital.com/images/140x105/a00a/8bec5e01-0000-0500-0000-00001038a00a.jpg', 'https://millenniumimoveis.janeladigital.com/images/140x105/a00b/8bec5e01-0000-0500-0000-00001038a00b.jpg', 'https://millenniumimoveis.janeladigital.com/images/140x105/a00c/8bec5e01-0000-0500-0000-00001038a00c.jpg', 'https://millenniumimoveis.janeladigital.com/images/140x105/a00d/8bec5e01-0000-0500-0000-00001038a00d.jpg']",Millenium,DCEI- AVI - Área de Gestão de Vendas de Imóveis,dgv@millenniumbcp.pt,211 988 863

Terreno,96434,395000,,Faro,Portimão,Mexilhoeira Grande,,12192,1900,"['https://millenniumimoveis.janeladigital.com/images/640x480/a00e/8cec5e01-0000-0500-0000-00001038a00e.jpg', 'https://millenniumimoveis.janeladigital.com/images/640x480/a00f/8cec5e01-0000-0500-0000-00001038a00f.jpg', 'https://millenniumimoveis.janeladigital.com/images/140x105/a00e/8cec5e01-0000-0500-0000-00001038a00e.jpg', 'https://millenniumimoveis.janeladigital.com/images/140x105/a00f/8cec5e01-0000-0500-0000-00001038a00f.jpg', 'https://millenniumimoveis.janeladigital.com/images/140x105/a010/8cec5e01-0000-0500-0000-00001038a010.jpg', 'https://millenniumimoveis.janeladigital.com/images/140x105/a011/8cec5e01-0000-0500-0000-00001038a011.jpg', 'https://millenniumimoveis.janeladigital.com/images/140x105/a012/8cec5e01-0000-0500-0000-00001038a012.jpg']",Millenium,DCEI- AVI - Área de Gestão de Vendas de Imóveis,dgv@millenniumbcp.pt,211 988 863

Terreno,89480,143000,,Santarém,Entroncamento,Nossa Senhora de Fátima,,540,1900,"['https://millenniumimoveis.janeladigital.com/images/640x480/11c9/9e0e5801-0000-0500-0000-00000fa711c9.jpg', 'https://millenniumimoveis.janeladigital.com/images/640x480/11ca/9e0e5801-0000-0500-0000-00000fa711ca.jpg', 'https://millenniumimoveis.janeladigital.com/images/140x105/11c9/9e0e5801-0000-0500-0000-00000fa711c9.jpg', 'https://millenniumimoveis.janeladigital.com/images/140x105/11ca/9e0e5801-0000-0500-0000-00000fa711ca.jpg', 'https://millenniumimoveis.janeladigital.com/images/140x105/11cb/9e0e5801-0000-0500-0000-00000fa711cb.jpg', 'https://millenniumimoveis.janeladigital.com/images/140x105/11cc/9e0e5801-0000-0500-0000-00000fa711cc.jpg', 'https://millenniumimoveis.janeladigital.com/images/140x105/11cd/9e0e5801-0000-0500-0000-00000fa711cd.jpg']",Millenium,DCEI- AVI - Área de Gestão de Vendas de Imóveis,dgv@millenniumbcp.pt,211 988 863

Industrial,60164,244600,,Santarém,Santarém,Abrã,,3733,1953,"['https://millenniumimoveis.janeladigital.com/images/640x480/97d4/e7cc2d00-0000-0500-0000-0000127497d4.jpg', 'https://millenniumimoveis.janeladigital.com/images/640x480/e589/e7cc2d00-0000-0500-0000-0000124fe589.jpg', 'https://millenniumimoveis.janeladigital.com/images/140x105/97d4/e7cc2d00-0000-0500-0000-0000127497d4.jpg', 'https://millenniumimoveis.janeladigital.com/images/140x105/e589/e7cc2d00-0000-0500-0000-0000124fe589.jpg', 'https://millenniumimoveis.janeladigital.com/images/140x105/e58a/e7cc2d00-0000-0500-0000-0000124fe58a.jpg', 'https://millenniumimoveis.janeladigital.com/images/140x105/e58b/e7cc2d00-0000-0500-0000-0000124fe58b.jpg', 'https://millenniumimoveis.janeladigital.com/images/140x105/3449/e7cc2d00-0000-0500-0000-000012f63449.jpg']",Millenium,DCEI- AVI - Área de Gestão de Vendas de Imóveis,dgv@millenniumbcp.pt,211 988 863

Terreno,89482,162000,,Santarém,Entroncamento,Nossa Senhora de Fátima,,543,1900,"['https://millenniumimoveis.janeladigital.com/images/640x480/b8bc/f8f76500-0000-0500-0000-00000f6fb8bc.jpg', 'https://millenniumimoveis.janeladigital.com/images/640x480/b8be/f8f76500-0000-0500-0000-00000f6fb8be.jpg', 'https://millenniumimoveis.janeladigital.com/images/140x105/b8bc/f8f76500-0000-0500-0000-00000f6fb8bc.jpg', 'https://millenniumimoveis.janeladigital.com/images/140x105/b8be/f8f76500-0000-0500-0000-00000f6fb8be.jpg', 'https://millenniumimoveis.janeladigital.com/images/140x105/b8bf/f8f76500-0000-0500-0000-00000f6fb8bf.jpg', 'https://millenniumimoveis.janeladigital.com/images/140x105/b8c1/f8f76500-0000-0500-0000-00000f6fb8c1.jpg', 'https://millenniumimoveis.janeladigital.com/images/140x105/b8c2/f8f76500-0000-0500-0000-00000f6fb8c2.jpg']",Millenium,DCEI- AVI - Área de Gestão de Vendas de Imóveis,dgv@millenniumbcp.pt,211 988 863

Terreno,89484,77000,,Santarém,Entroncamento,Nossa Senhora de Fátima,,244,1900,"['https://millenniumimoveis.janeladigital.com/images/640x480/b8c8/fcf76500-0000-0500-0000-00000f6fb8c8.jpg', 'https://millenniumimoveis.janeladigital.com/images/640x480/b8c9/fcf76500-0000-0500-0000-00000f6fb8c9.jpg', 'https://millenniumimoveis.janeladigital.com/images/140x105/b8c8/fcf76500-0000-0500-0000-00000f6fb8c8.jpg', 'https://millenniumimoveis.janeladigital.com/images/140x105/b8c9/fcf76500-0000-0500-0000-00000f6fb8c9.jpg', 'https://millenniumimoveis.janeladigital.com/images/140x105/b8ca/fcf76500-0000-0500-0000-00000f6fb8ca.jpg', 'https://millenniumimoveis.janeladigital.com/images/140x105/b8cb/fcf76500-0000-0500-0000-00000f6fb8cb.jpg', 'https://millenniumimoveis.janeladigital.com/images/140x105/b8cc/fcf76500-0000-0500-0000-00000f6fb8cc.jpg']",Millenium,DCEI- AVI - Área de Gestão de Vendas de Imóveis,dgv@millenniumbcp.pt,211 988 863

Terreno,89487,225000,,Santarém,Entroncamento,Nossa Senhora de Fátima,,757,1900,"['https://millenniumimoveis.janeladigital.com/images/640x480/b8d2/02f86500-0000-0500-0000-00000f6fb8d2.jpg', 'https://millenniumimoveis.janeladigital.com/images/640x480/b8d3/02f86500-0000-0500-0000-00000f6fb8d3.jpg', 'https://millenniumimoveis.janeladigital.com/images/140x105/b8d2/02f86500-0000-0500-0000-00000f6fb8d2.jpg', 'https://millenniumimoveis.janeladigital.com/images/140x105/b8d3/02f86500-0000-0500-0000-00000f6fb8d3.jpg', 'https://millenniumimoveis.janeladigital.com/images/140x105/b8d4/02f86500-0000-0500-0000-00000f6fb8d4.jpg', 'https://millenniumimoveis.janeladigital.com/images/140x105/b8d5/02f86500-0000-0500-0000-00000f6fb8d5.jpg', 'https://millenniumimoveis.janeladigital.com/images/140x105/b8d6/02f86500-0000-0500-0000-00000f6fb8d6.jpg']",Millenium,DCEI- AVI - Área de Gestão de Vendas de Imóveis,dgv@millenniumbcp.pt,211 988 863

Terreno,89488,70000,,Santarém,Entroncamento,Nossa Senhora de Fátima,,,1900,"['https://millenniumimoveis.janeladigital.com/images/640x480/b8d7/04f86500-0000-0500-0000-00000f6fb8d7.jpg', 'https://millenniumimoveis.janeladigital.com/images/640x480/b8d8/04f86500-0000-0500-0000-00000f6fb8d8.jpg', 'https://millenniumimoveis.janeladigital.com/images/140x105/b8d7/04f86500-0000-0500-0000-00000f6fb8d7.jpg', 'https://millenniumimoveis.janeladigital.com/images/140x105/b8d8/04f86500-0000-0500-0000-00000f6fb8d8.jpg', 'https://millenniumimoveis.janeladigital.com/images/140x105/b8d9/04f86500-0000-0500-0000-00000f6fb8d9.jpg', 'https://millenniumimoveis.janeladigital.com/images/140x105/b8db/04f86500-0000-0500-0000-00000f6fb8db.jpg', 'https://millenniumimoveis.janeladigital.com/images/140x105/b8dc/04f86500-0000-0500-0000-00000f6fb8dc.jpg']",Millenium,DCEI- AVI - Área de Gestão de Vendas de Imóveis,dgv@millenniumbcp.pt,211 988 863

Terreno,89489,128000,,Santarém,Entroncamento,Nossa Senhora de Fátima,,495,1900,"['https://millenniumimoveis.janeladigital.com/images/640x480/b8df/06f86500-0000-0500-0000-00000f6fb8df.jpg', 'https://millenniumimoveis.janeladigital.com/images/640x480/b8e1/06f86500-0000-0500-0000-00000f6fb8e1.jpg', 'https://millenniumimoveis.janeladigital.com/images/140x105/b8df/06f86500-0000-0500-0000-00000f6fb8df.jpg', 'https://millenniumimoveis.janeladigital.com/images/140x105/b8e1/06f86500-0000-0500-0000-00000f6fb8e1.jpg', 'https://millenniumimoveis.janeladigital.com/images/140x105/b8e3/06f86500-0000-0500-0000-00000f6fb8e3.jpg', 'https://millenniumimoveis.janeladigital.com/images/140x105/b8e4/06f86500-0000-0500-0000-00000f6fb8e4.jpg', 'https://millenniumimoveis.janeladigital.com/images/140x105/b8e6/06f86500-0000-0500-0000-00000f6fb8e6.jpg']",Millenium,DCEI- AVI - Área de Gestão de Vendas de Imóveis,dgv@millenniumbcp.pt,211 988 863

Terreno,89492,164000,,Santarém,Entroncamento,Nossa Senhora de Fátima,,537,1900,"['https://millenniumimoveis.janeladigital.com/images/640x480/b8f2/10f86500-0000-0500-0000-00000f6fb8f2.jpg', 'https://millenniumimoveis.janeladigital.com/images/640x480/b8f4/10f86500-0000-0500-0000-00000f6fb8f4.jpg', 'https://millenniumimoveis.janeladigital.com/images/140x105/b8f2/10f86500-0000-0500-0000-00000f6fb8f2.jpg', 'https://millenniumimoveis.janeladigital.com/images/140x105/b8f4/10f86500-0000-0500-0000-00000f6fb8f4.jpg', 'https://millenniumimoveis.janeladigital.com/images/140x105/b8f6/10f86500-0000-0500-0000-00000f6fb8f6.jpg', 'https://millenniumimoveis.janeladigital.com/images/140x105/b8f7/10f86500-0000-0500-0000-00000f6fb8f7.jpg', 'https://millenniumimoveis.janeladigital.com/images/140x105/b8f9/10f86500-0000-0500-0000-00000f6fb8f9.jpg']",Millenium,DCEI- AVI - Área de Gestão de Vendas de Imóveis,dgv@millenniumbcp.pt,211 988 863

Terreno,89499,157000,,Santarém,Entroncamento,Nossa Senhora de Fátima,,503,1900,"['https://millenniumimoveis.janeladigital.com/images/640x480/b90c/1ef86500-0000-0500-0000-00000f6fb90c.jpg', 'https://millenniumimoveis.janeladigital.com/images/640x480/b90d/1ef86500-0000-0500-0000-00000f6fb90d.jpg', 'https://millenniumimoveis.janeladigital.com/images/140x105/b90c/1ef86500-0000-0500-0000-00000f6fb90c.jpg', 'https://millenniumimoveis.janeladigital.com/images/140x105/b90d/1ef86500-0000-0500-0000-00000f6fb90d.jpg', 'https://millenniumimoveis.janeladigital.com/images/140x105/b90e/1ef86500-0000-0500-0000-00000f6fb90e.jpg', 'https://millenniumimoveis.janeladigital.com/images/140x105/b90f/1ef86500-0000-0500-0000-00000f6fb90f.jpg', 'https://millenniumimoveis.janeladigital.com/images/140x105/b910/1ef86500-0000-0500-0000-00000f6fb910.jpg']",Millenium,DCEI- AVI - Área de Gestão de Vendas de Imóveis,dgv@millenniumbcp.pt,211 988 863

Terreno,89500,73000,,Santarém,Entroncamento,Nossa Senhora de Fátima,,231,1900,"['https://millenniumimoveis.janeladigital.com/images/640x480/b911/20f86500-0000-0500-0000-00000f6fb911.jpg', 'https://millenniumimoveis.janeladigital.com/images/640x480/b912/20f86500-0000-0500-0000-00000f6fb912.jpg', 'https://millenniumimoveis.janeladigital.com/images/140x105/b911/20f86500-0000-0500-0000-00000f6fb911.jpg', 'https://millenniumimoveis.janeladigital.com/images/140x105/b912/20f86500-0000-0500-0000-00000f6fb912.jpg', 'https://millenniumimoveis.janeladigital.com/images/140x105/b913/20f86500-0000-0500-0000-00000f6fb913.jpg', 'https://millenniumimoveis.janeladigital.com/images/140x105/b914/20f86500-0000-0500-0000-00000f6fb914.jpg', 'https://millenniumimoveis.janeladigital.com/images/140x105/b915/20f86500-0000-0500-0000-00000f6fb915.jpg']",Millenium,DCEI- AVI - Área de Gestão de Vendas de Imóveis,dgv@millenniumbcp.pt,211 988 863

Terreno,89501,73000,,Santarém,Entroncamento,Nossa Senhora de Fátima,,231,1900,"['https://millenniumimoveis.janeladigital.com/images/640x480/b916/22f86500-0000-0500-0000-00000f6fb916.jpg', 'https://millenniumimoveis.janeladigital.com/images/640x480/b917/22f86500-0000-0500-0000-00000f6fb917.jpg', 'https://millenniumimoveis.janeladigital.com/images/140x105/b916/22f86500-0000-0500-0000-00000f6fb916.jpg', 'https://millenniumimoveis.janeladigital.com/images/140x105/b917/22f86500-0000-0500-0000-00000f6fb917.jpg', 'https://millenniumimoveis.janeladigital.com/images/140x105/b918/22f86500-0000-0500-0000-00000f6fb918.jpg', 'https://millenniumimoveis.janeladigital.com/images/140x105/b919/22f86500-0000-0500-0000-00000f6fb919.jpg', 'https://millenniumimoveis.janeladigital.com/images/140x105/b91a/22f86500-0000-0500-0000-00000f6fb91a.jpg']",Millenium,DCEI- AVI - Área de Gestão de Vendas de Imóveis,dgv@millenniumbcp.pt,211 988 863

Terreno,89505,125000,,Santarém,Entroncamento,Nossa Senhora de Fátima,,414,1900,"['https://millenniumimoveis.janeladigital.com/images/640x480/b926/2af86500-0000-0500-0000-00000f6fb926.jpg', 'https://millenniumimoveis.janeladigital.com/images/640x480/b927/2af86500-0000-0500-0000-00000f6fb927.jpg', 'https://millenniumimoveis.janeladigital.com/images/140x105/b926/2af86500-0000-0500-0000-00000f6fb926.jpg', 'https://millenniumimoveis.janeladigital.com/images/140x105/b927/2af86500-0000-0500-0000-00000f6fb927.jpg', 'https://millenniumimoveis.janeladigital.com/images/140x105/b928/2af86500-0000-0500-0000-00000f6fb928.jpg', 'https://millenniumimoveis.janeladigital.com/images/140x105/b929/2af86500-0000-0500-0000-00000f6fb929.jpg', 'https://millenniumimoveis.janeladigital.com/images/140x105/b92a/2af86500-0000-0500-0000-00000f6fb92a.jpg']",Millenium,DCEI- AVI - Área de Gestão de Vendas de Imóveis,dgv@millenniumbcp.pt,211 988 863

Terreno,89506,162000,,Santarém,Entroncamento,Nossa Senhora de Fátima,,543,1900,"['https://millenniumimoveis.janeladigital.com/images/640x480/b92f/2cf86500-0000-0500-0000-00000f6fb92f.jpg', 'https://millenniumimoveis.janeladigital.com/images/640x480/b931/2cf86500-0000-0500-0000-00000f6fb931.jpg', 'https://millenniumimoveis.janeladigital.com/images/140x105/b92f/2cf86500-0000-0500-0000-00000f6fb92f.jpg', 'https://millenniumimoveis.janeladigital.com/images/140x105/b931/2cf86500-0000-0500-0000-00000f6fb931.jpg', 'https://millenniumimoveis.janeladigital.com/images/140x105/b934/2cf86500-0000-0500-0000-00000f6fb934.jpg', 'https://millenniumimoveis.janeladigital.com/images/140x105/b936/2cf86500-0000-0500-0000-00000f6fb936.jpg', 'https://millenniumimoveis.janeladigital.com/images/140x105/b939/2cf86500-0000-0500-0000-00000f6fb939.jpg']",Millenium,DCEI- AVI - Área de Gestão de Vendas de Imóveis,dgv@millenniumbcp.pt,211 988 863

Terreno,89511,136000,,Santarém,Entroncamento,Nossa Senhora de Fátima,,533,1900,"['https://millenniumimoveis.janeladigital.com/images/640x480/b953/36f86500-0000-0500-0000-00000f6fb953.jpg', 'https://millenniumimoveis.janeladigital.com/images/640x480/b954/36f86500-0000-0500-0000-00000f6fb954.jpg', 'https://millenniumimoveis.janeladigital.com/images/140x105/b953/36f86500-0000-0500-0000-00000f6fb953.jpg', 'https://millenniumimoveis.janeladigital.com/images/140x105/b954/36f86500-0000-0500-0000-00000f6fb954.jpg', 'https://millenniumimoveis.janeladigital.com/images/140x105/b955/36f86500-0000-0500-0000-00000f6fb955.jpg', 'https://millenniumimoveis.janeladigital.com/images/140x105/b956/36f86500-0000-0500-0000-00000f6fb956.jpg', 'https://millenniumimoveis.janeladigital.com/images/140x105/b957/36f86500-0000-0500-0000-00000f6fb957.jpg']",Millenium,DCEI- AVI - Área de Gestão de Vendas de Imóveis,dgv@millenniumbcp.pt,211 988 863

Terreno,89512,134000,,Santarém,Entroncamento,Nossa Senhora de Fátima,,517,1900,"['https://millenniumimoveis.janeladigital.com/images/640x480/b958/38f86500-0000-0500-0000-00000f6fb958.jpg', 'https://millenniumimoveis.janeladigital.com/images/640x480/b959/38f86500-0000-0500-0000-00000f6fb959.jpg', 'https://millenniumimoveis.janeladigital.com/images/140x105/b958/38f86500-0000-0500-0000-00000f6fb958.jpg', 'https://millenniumimoveis.janeladigital.com/images/140x105/b959/38f86500-0000-0500-0000-00000f6fb959.jpg', 'https://millenniumimoveis.janeladigital.com/images/140x105/b95a/38f86500-0000-0500-0000-00000f6fb95a.jpg', 'https://millenniumimoveis.janeladigital.com/images/140x105/b95b/38f86500-0000-0500-0000-00000f6fb95b.jpg', 'https://millenniumimoveis.janeladigital.com/images/140x105/b95c/38f86500-0000-0500-0000-00000f6fb95c.jpg']",Millenium,DCEI- AVI - Área de Gestão de Vendas de Imóveis,dgv@millenniumbcp.pt,211 988 863

